Epitope,IEDB
IQGVKTLPILEIASN,187389
ASNIQPQNVDSVCSG,187273
SKRWAFRAGVPPKNV,187522
GKVFTEGNIAAMIVN,187355
GNIAAMIVNKTVHKM,187363
IVNKTVHKMIFSRQG,187396
HKMIFSRQGQGYRHM,187374
RQGQGYRHMNLTSTN,187503
RHMNLTSTNKYWTSS,187499
LPTENPTTAKSTNST,187432
PNSTAQHLVYFRRKR,187468
HLVYFRRKRNILWRE,187376
GLSWIPFFGPGIEGL,187361
GLIKNQNNLVCRLRR,187357
NNLVCRLRRLANQTA,187454
TTEERTFSLINRHAI,187565
HAIDFLLARWGGTCK,187369
TCKVLGPDCCIGIED,187536
FFVWVIILFQKAFSM,187338
RWGFRSGVPPKVVSY,187512
YNLEIKKPDGSECLP,187592
HKAQGTGPCPGDYAF,187373
GAFFLYDRLASTVIY,187347
NFAEGVIAFLILAKP,187448
SYYATSYLEYEIENF,187534
FVLLDRPHTPQFLFQ,187346
NITTAVKTVLPQEST,187453
TGILGSLGLRKRSRR,187543
LGLRKRSRRQVNTRA,187420
IAWIPYFGPGAEGIY,187381
TELRTYTILNRKAID,187539
CRILGPDCCIEPHDW,187284
QIIHDFIDNPLPNQD,187483
GIGITGIIIAIIALL,187350
FSIPLGVIHNSTLQV,17750
RWGFRSGVPPKVVNY,187511
YNLEIKKPDGSECLP,187592
HKVSGTGPCAGDFAF,187375
GAFFLYDRLASTVIY,187347
TFAEGVVAFLILPQA,187540
PQAKKDFFSSHPLRE,187472
FFSSHPLREPVNATE,187337
EVDNLTYVQLESRFT,187329
YVQLESRFTPQFLLQ,76393
TTIGEWAFWETKKNL,187566
AFWETKKNLTRKIRS,187262
KNLTRKIRSEELSFT,187401
SQGREAAVSHLTTLA,187523
DNSTHNTPVYKLDIS,187300
TPVYKLDISEATQVE,187557
PPATTAAGPPKAENT,187469
TRREAIVNAQPKCNP,187559
LAWIPYFGPAAEGIY,187412
TELRTFSILNRKAID,187538
CHILGPDCCIEPHDW,6391
ILIQGTKNL,115066
QGTKNLPIL,115098
TCYNISVTDPSGKSL,115123
LLLDPPTNI,115079
TPSSTAQHL,115116
LLLSIAVLI,115080
LSIAVLIAL,115082
IALSCICRI,115064
NSGIDLGDL,115092
NTSPVAKYL,115093
HYSPLILAL,115063
KNPNNGPLL,115071
LYDRLASTVI,X
EYLFEVDNL,X
TELRTFSI,1068833
VSTGTGPGAGDFAFHK,71152
WIPYFGPAAEGIYTE,72644
EYLFEVDNL,15046
VYQVNNLEEIC,72143
GQFLSFASL,21863
SFKAALSSL,57801
DAVLYYHMM,7664
KFINKLDALH,30747
NYNGLLSSI,46665
PGPAKFSLL,47717
KFSKSQLSLLCETHLR,30854
DLQSLIMFITAFLNI,9257
CDIENNPGL,6108
MVAKYDHL,42911
TVPQSVREAFNNL,67115
RNIMYDHL,55002
PGFGTAFHQLVQVICK,47648
LRIGNQAFLQEFVLPP,39117
AFLQEFVLPPVQLPQ,1354
YFTFDLTALK,73911
TESPEKIQAI,63532
VYQVNNLEEIC,X
SFKAALSSLA,57802
YQVNNLEEI,75566
FQQTNAMVT,17527
FLSFASLFL,16888
RLMRTNFLI,54673
KLTEAITAA,32188
VYQVNNLEEIC,72143
RPHTPQFLF,91904
LYDRLASTV,91712
GPCAGDFAF,91400
YQVNNLEEI,75566
FQQTNAMVT,17527
ARLLNLSGV,91132
VSTGTGPGAGDFAFHK,X
SFKAALSSL,X
YFTFDLTALK,X
LYDRLASTV,X
YFTFDLTALK,X
TESPEKIQAT,X
PEYMEAIYPVRSNST,X
WIPYFGPAAEGIYTE,X
WIPYFGPAAEGIYTE,X
LRIGNQAFLQEFVLP,X
VSGTGPCAGDFAFHK,X
VSGTGPCPGGLAFHK,X
GPCPGGLAFHKEGAF,X
DHLTYVQLEARFTPQ,X
FVRLDRPHTPQFLFQ,X
DRPHTPQFLFQLNDT,X
GTTFAEGVVAFLILP,X
IIYRGTTFAEGVIAF,X
GVNFAEGVIAFLILA,X
LYDRLASTVIYRGTT,X
TKKNLTRKIRSEELS,X
GGTCKVLGPDCCIGI,X
GGTCKVLGPDCCIGI,X
VFTEGNIAAMIVNKT,X
HLVYFRRKRNILWRE,X